<?xml version="1.0" encoding="UTF-8" standalone="yes"?>
<addon id="repository.TV Jackson" name="jackson repo" version="1.0" provider-name="ytjackson">
    <extension point="xbmc.addon.repository" name="Nome Repository">
        <dir>
            <info compressed="false">https://raw.githubusercontent.com/ytjackson/jacksonrepo/master/zips/addons.xml</info>
            <checksum>https://raw.githubusercontent.com/ytjackson/jacksonrepo/master/zips/addons.xml.md5</checksum>
            <datadir zip="true">https://raw.githubusercontent.com/ytjackson/jacksonrepo/master/zips/</datadir>
        </dir>
    </extension>
    <extension point="xbmc.addon.metadata">
        <summary>REPO DO JACKSON</summary>
        <description>ADDONS DO JACKSON</description>
        <disclaimer></disclaimer>
        <platform>all</platform>
        <assets>
            <icon>icon.png</icon>
            <fanart>fanart.jpg</fanart>
        </assets>
    </extension>
</addon>